drug,intercept1,intercept2,slope,error
bepridil,332.407789365687,270.760957401059,-4896.83602422544,0.204
terfenadine,282.357761035776,261.260312165652,-4160.10634641906,0.996
ranolazine,158.426429113909,135.877042822973,-2334.64751938597,0.005
verapamil,158.459289695278,135.9249815336,-2335.46465291715,0
risperidone,139.520927710001,120.614618778616,-2074.52995482187,0.3655
clarithromycin,146.061553807231,125.314196459211,-2154.61677701163,0.007
azimilide,158.460391425591,135.925936110695,-2335.48092405408,0
tamoxifen,107.097759771602,89.4221610241248,-1543.10482599598,0.999
