intercept1,intercept2,slope,error
158.460391427582,135.92593611248,-2335.48092408374,0.0375625
