drug,intercept1,intercept2,slope,error
bepridil,192.423314861106,164.284945252184,-2783.10657924055,0.441
terfenadine,156.462592269093,148.047673977296,-2263.06657692724,0.933
ranolazine,74.5554622676446,66.5291305998711,-1075.10344936037,0.0415
verapamil,79.918358568521,71.5134578130016,-1154.84333331989,0
risperidone,76.4418909805781,68.9784581454847,-1114.1404304527,0.458
clarithromycin,70.8461899380973,63.7726774945175,-1030.77950972286,0.2195
azimilide,80.1760184738766,71.7470098928037,-1158.60384317677,0
tamoxifen,78.2158667414314,68.646306836635,-1108.91825928867,1
