intercept1,intercept2,slope,error
80.283863743291,71.8461816436816,-1160.16685540422,0.1178125
