intercept1,intercept2,slope,error
20.01199509307,15.665426847338,-292.539547635619,0.185375
